{
    "tag": "licV3",
    "success": "1",
    "api_ver": "2.0v",
    "which": "licV3",
    "app": {
        "id": "1878",
        "appname": "XCIPTV 722 SKY GLASS ",
        "customerid": "535458",
        "expire": null,
        "version_code": "722",
        "login_type": "login",
        "portal": "http:\/\/conexaoonline.top:80",
        "portal2": "http:\/\/smarticon.cz",
        "portal3": "http:\/\/sun-one.se:826",
        "portal4": "https:\/\/thedon.one:443",
        "portal5": "0",
        "portal_name": "vsconexao",
        "portal2_name": "SERVIDOR VIP",
        "portal3_name": "SERVIDOR VIP 01",
        "portal4_name": "SERVIDOR VIP 03",
        "portal5_name": "0",
        "portal_vod": "no",
        "portal_series": "no",
        "apkurl": "https:\/\/download.ottrun.com\/downloads\/",
        "backupurl": "",
        "logurl": "https:\/\/agenciavs.cloud\/\/api\/",
        "apkautoupdate": "no",
        "support_email": "ENTRE EM CONTATO",
        "support_phone": "COM SEU REVENDEDOR",
        "status": "ACTIVE",
        "filter_status": "No",
        "epg_mode": "yes",
        "btn_live": "Yes",
        "btn_live2": "Yes",
        "btn_live3": "Yes",
        "btn_live4": "Yes",
        "btn_live5": "Yes",
        "btn_vod": "Yes",
        "btn_vod2": "Yes",
        "btn_vod3": "Yes",
        "btn_vod4": "Yes",
        "btn_vod5": "Yes",
        "btn_epg": "Yes",
        "btn_epg2": "Yes",
        "btn_epg3": "Yes",
        "btn_epg4": "Yes",
        "btn_epg5": "Yes",
        "btn_series": "Yes",
        "btn_series2": "Yes",
        "btn_series3": "Yes",
        "btn_series4": "Yes",
        "btn_series5": "Yes",
        "btn_radio": "No",
        "btn_radio2": "No",
        "btn_radio3": "No",
        "btn_radio4": "No",
        "btn_radio5": "No",
        "btn_catchup": "Yes",
        "btn_catchup2": "Yes",
        "btn_catchup3": "Yes",
        "btn_catchup4": "Yes",
        "btn_catchup5": "Yes",
        "btn_account": "yes",
        "btn_account2": "yes",
        "btn_account3": "yes",
        "btn_account4": "yes",
        "btn_account5": "yes",
        "btn_pr": "yes",
        "btn_rec": "no",
        "btn_vpn": "no",
        "btn_noti": "yes",
        "btn_update": "yes",
        "btn_login_settings": "yes",
        "btn_login_account": "yes",
        "show_expire": "yes",
        "agent": "no",
        "all_cat": "no",
        "stream_type": "ts",
        "player": "EXO",
        "player_tv": "EXO",
        "player_vod": "EXO",
        "player_series": "EXO",
        "player_catchup": "EXO",
        "message_enabled": "yes",
        "announcement_enabled": "yes",
        "updateuserinfo_enabled": "yes",
        "whatsupcheck_enabled": "no",
        "login_logo": "yes",
        "ms": "yes",
        "ms2": "yes",
        "ms3": "yes",
        "ms4": "yes",
        "ms5": "yes",
        "btn_fav": "yes",
        "btn_fav2": "yes",
        "btn_fav3": "yes",
        "btn_fav4": "yes",
        "btn_fav5": "yes",
        "btn_signup": "no",
        "bjob": "no",
        "settings_app": "yes",
        "settings_account": "yes",
        "logs": null,
        "panel": "xtreamcodes",
        "epg_url": "No",
        "ovpn_url": "yes",
        "app_language": "pt",
        "load_last_channel": "no",
        "admob_banner_id": "no",
        "admob_interstitial_id": "no",
        "show_cat_count": "yes",
        "activation_url": "no",
        "send_udid": "no",
        "theme": "theme_4",
        "vastconfig": null,
        "admobconfig": null,
        "mnt_message": "EM MANUTEN\u00c7\u00c3O",
        "mnt_status": "INACTIVE",
        "mnt_expire": "2021-10-10 02:05:23",
        "language": "pt"
    }
}